source,target,status
https://thebeatboutique.ie/about1/,https://thebeatboutique.ie/about/,301
https://thebeatboutique.ie/about1,https://thebeatboutique.ie/about/,301
https://thebeatboutique.ie/book-us/,https://thebeatboutique.ie/showcase/,301
https://thebeatboutique.ie/book-us,https://thebeatboutique.ie/showcase/,301
https://thebeatboutique.ie/book/,https://thebeatboutique.ie/showcase/,301
https://thebeatboutique.ie/book,https://thebeatboutique.ie/showcase/,301
https://thebeatboutique.ie/ceremony-music/,https://thebeatboutique.ie/song-list/,301
https://thebeatboutique.ie/ceremony-music,https://thebeatboutique.ie/song-list/,301
https://thebeatboutique.ie/contact-us/,https://thebeatboutique.ie/showcase/,301
https://thebeatboutique.ie/contact-us,https://thebeatboutique.ie/showcase/,301
https://thebeatboutique.ie/contact/,https://thebeatboutique.ie/showcase/,301
https://thebeatboutique.ie/contact,https://thebeatboutique.ie/showcase/,301
https://thebeatboutique.ie/evening-band/,https://thebeatboutique.ie/party-band/,301
https://thebeatboutique.ie/evening-band,https://thebeatboutique.ie/party-band/,301
https://thebeatboutique.ie/get-in-touch/,https://thebeatboutique.ie/showcase/,301
https://thebeatboutique.ie/get-in-touch,https://thebeatboutique.ie/showcase/,301
https://thebeatboutique.ie/home/,https://thebeatboutique.ie/,301
https://thebeatboutique.ie/home,https://thebeatboutique.ie/,301
https://thebeatboutique.ie/our-fans/,https://thebeatboutique.ie/reviews/,301
https://thebeatboutique.ie/our-fans,https://thebeatboutique.ie/reviews/,301
https://thebeatboutique.ie/our-privacy-policy/,https://thebeatboutique.ie/privacy/,301
https://thebeatboutique.ie/our-privacy-policy,https://thebeatboutique.ie/privacy/,301
https://thebeatboutique.ie/playlist/,https://thebeatboutique.ie/song-list/,301
https://thebeatboutique.ie/playlist,https://thebeatboutique.ie/song-list/,301
https://thebeatboutique.ie/prices/,https://thebeatboutique.ie/pricing-guide/,301
https://thebeatboutique.ie/prices,https://thebeatboutique.ie/pricing-guide/,301
https://thebeatboutique.ie/pricing/,https://thebeatboutique.ie/pricing-guide/,301
https://thebeatboutique.ie/pricing,https://thebeatboutique.ie/pricing-guide/,301
https://thebeatboutique.ie/showreel/,https://thebeatboutique.ie/showcase/,301
https://thebeatboutique.ie/showreel,https://thebeatboutique.ie/showcase/,301
https://thebeatboutique.ie/songlist/,https://thebeatboutique.ie/song-list/,301
https://thebeatboutique.ie/songlist,https://thebeatboutique.ie/song-list/,301
https://thebeatboutique.ie/songs/,https://thebeatboutique.ie/song-list/,301
https://thebeatboutique.ie/songs,https://thebeatboutique.ie/song-list/,301
https://thebeatboutique.ie/testimonials/,https://thebeatboutique.ie/reviews/,301
https://thebeatboutique.ie/testimonials,https://thebeatboutique.ie/reviews/,301
https://thebeatboutique.ie/the-seal-of-approval/,https://thebeatboutique.ie/reviews/,301
https://thebeatboutique.ie/the-seal-of-approval,https://thebeatboutique.ie/reviews/,301
https://thebeatboutique.ie/video/,https://thebeatboutique.ie/showcase/,301
https://thebeatboutique.ie/video,https://thebeatboutique.ie/showcase/,301
https://thebeatboutique.ie/videos/,https://thebeatboutique.ie/showcase/,301
https://thebeatboutique.ie/videos,https://thebeatboutique.ie/showcase/,301
https://thebeatboutique.ie/watch-us-play/,https://thebeatboutique.ie/showcase/,301
https://thebeatboutique.ie/watch-us-play,https://thebeatboutique.ie/showcase/,301
https://thebeatboutique.ie/wedding-band-clare/,https://thebeatboutique.ie/locations/wedding-band-clare/,301
https://thebeatboutique.ie/wedding-band-clare,https://thebeatboutique.ie/locations/wedding-band-clare/,301
https://thebeatboutique.ie/wedding-band-cork/,https://thebeatboutique.ie/locations/wedding-band-cork/,301
https://thebeatboutique.ie/wedding-band-cork,https://thebeatboutique.ie/locations/wedding-band-cork/,301
https://thebeatboutique.ie/wedding-band-donegal/,https://thebeatboutique.ie/locations/wedding-band-donegal/,301
https://thebeatboutique.ie/wedding-band-donegal,https://thebeatboutique.ie/locations/wedding-band-donegal/,301
https://thebeatboutique.ie/wedding-band-dublin/,https://thebeatboutique.ie/locations/wedding-band-dublin/,301
https://thebeatboutique.ie/wedding-band-dublin,https://thebeatboutique.ie/locations/wedding-band-dublin/,301
https://thebeatboutique.ie/wedding-band-galway/,https://thebeatboutique.ie/locations/wedding-band-galway/,301
https://thebeatboutique.ie/wedding-band-galway,https://thebeatboutique.ie/locations/wedding-band-galway/,301
https://thebeatboutique.ie/wedding-band-kerry/,https://thebeatboutique.ie/locations/wedding-band-kerry/,301
https://thebeatboutique.ie/wedding-band-kerry,https://thebeatboutique.ie/locations/wedding-band-kerry/,301
https://thebeatboutique.ie/wedding-band-kildare/,https://thebeatboutique.ie/locations/wedding-band-kildare/,301
https://thebeatboutique.ie/wedding-band-kildare,https://thebeatboutique.ie/locations/wedding-band-kildare/,301
https://thebeatboutique.ie/wedding-band-kilkenny/,https://thebeatboutique.ie/locations/wedding-band-kilkenny/,301
https://thebeatboutique.ie/wedding-band-kilkenny,https://thebeatboutique.ie/locations/wedding-band-kilkenny/,301
https://thebeatboutique.ie/wedding-band-limerick/,https://thebeatboutique.ie/locations/wedding-band-limerick/,301
https://thebeatboutique.ie/wedding-band-limerick,https://thebeatboutique.ie/locations/wedding-band-limerick/,301
https://thebeatboutique.ie/wedding-band-louth/,https://thebeatboutique.ie/locations/wedding-band-louth/,301
https://thebeatboutique.ie/wedding-band-louth,https://thebeatboutique.ie/locations/wedding-band-louth/,301
https://thebeatboutique.ie/wedding-band-mayo/,https://thebeatboutique.ie/locations/wedding-band-mayo/,301
https://thebeatboutique.ie/wedding-band-mayo,https://thebeatboutique.ie/locations/wedding-band-mayo/,301
https://thebeatboutique.ie/wedding-band-meath/,https://thebeatboutique.ie/locations/wedding-band-meath/,301
https://thebeatboutique.ie/wedding-band-meath,https://thebeatboutique.ie/locations/wedding-band-meath/,301
https://thebeatboutique.ie/wedding-band-prices/,https://thebeatboutique.ie/pricing-guide/,301
https://thebeatboutique.ie/wedding-band-prices,https://thebeatboutique.ie/pricing-guide/,301
https://thebeatboutique.ie/wedding-band-tipperary/,https://thebeatboutique.ie/locations/wedding-band-tipperary/,301
https://thebeatboutique.ie/wedding-band-tipperary,https://thebeatboutique.ie/locations/wedding-band-tipperary/,301
https://thebeatboutique.ie/wedding-band-waterford/,https://thebeatboutique.ie/locations/wedding-band-waterford/,301
https://thebeatboutique.ie/wedding-band-waterford,https://thebeatboutique.ie/locations/wedding-band-waterford/,301
https://thebeatboutique.ie/wedding-band-westmeath/,https://thebeatboutique.ie/locations/wedding-band-westmeath/,301
https://thebeatboutique.ie/wedding-band-westmeath,https://thebeatboutique.ie/locations/wedding-band-westmeath/,301
https://thebeatboutique.ie/wedding-band-wexford/,https://thebeatboutique.ie/locations/wedding-band-wexford/,301
https://thebeatboutique.ie/wedding-band-wexford,https://thebeatboutique.ie/locations/wedding-band-wexford/,301
https://thebeatboutique.ie/wedding-band-wicklow/,https://thebeatboutique.ie/locations/wedding-band-wicklow/,301
https://thebeatboutique.ie/wedding-band-wicklow,https://thebeatboutique.ie/locations/wedding-band-wicklow/,301
https://thebeatboutique.ie/whats-on-offer/,https://thebeatboutique.ie/pricing-guide/,301
https://thebeatboutique.ie/whats-on-offer,https://thebeatboutique.ie/pricing-guide/,301
https://thebeatboutique.ie/why-us/,https://thebeatboutique.ie/about/,301
https://thebeatboutique.ie/why-us,https://thebeatboutique.ie/about/,301
